name,address
BHG Mall北京华联回龙观购物中心,北京北京市昌平区回龙观大街111号
上海96广场,上海上海市浦东新区东方路796号
上海丁香国际商业中心,上海上海市浦东新区丁香路858号
上海世茂广场,上海上海市黄浦区南京东路829号
上海中信泰富广场,上海上海市静安区南京西路1168号
上海中垠广场,上海上海市虹口区公平路与周家嘴路交汇处
上海久金广场,上海上海市浦东新区张杨路3918号
上海乐虹坊精致生活广场,上海上海市闵行区虹井路288号
上海亚新生活广场,上海上海市普陀区长寿路401甲
上海保利时光里,上海上海市徐汇区瑞平路230号
上海保利花木时光里,上海上海市浦东新区杨高南路99弄1号
上海兆丰广场,上海上海市长宁区长宁路1027号
上海凉城商业广场,上海上海市虹口区车站南路330号
上海前滩太古里一期,上海省上海市浦东新区东育路500号
上海北上海生活广场,上海上海市宝山区蕴川路1555号
上海华润时代广场,上海上海市浦东新区张杨路500号
上海周浦海印又一城,上海上海市浦东新区周邓公路
上海商城,上海上海市静安区南京西路1376号
上海嘉定云翔荟,上海上海市嘉定区南翔镇惠亚路117号
上海国际时尚中心,上海省上海市杨浦区杨树浦路2866
上海外滩中央广场,上海上海市黄浦区南京东路139号
上海大华锦绣优嘉,上海上海市浦东新区成山路1339号
上海大华锦绣国际,上海上海市浦东新区杨高南路北艾路
上海巴黎春天·悦汇天山,上海上海市长宁区天山路762号
上海广场,上海上海市黄浦区淮海中路138号
上海徐汇古北时尚广场,上海上海市徐汇区吴中路52号
上海恒都广场,上海上海市松江区茸梅路600弄
上海新世界城,上海上海市黄浦区南京西路2-68
上海新天地东台里,上海省上海市黄浦区东台路与浏河口路交叉口西南角
上海新天地石库门街区,上海省上海市黄浦区太仓路181弄
上海新邻天地,上海上海市普陀区武威路1285号
上海无限极荟,上海上海市黄浦区湖滨路168号
上海星雨城时代广场(沪太路),上海上海市宝山区大场镇沪太路3777星
上海曲阳生活购物中心,上海上海市虹口区曲阳路580号
上海松江万达广场,上海上海市松江区广富林路658号
上海正大广场,上海上海市浦东新区陆家嘴西路168号
上海汇宝购物广场,上海上海市闵行区漕宝路3509号七莘路口
上海汇暻生活广场,上海上海市黄浦区瞿溪路988号
上海汇金百货(虹桥店),上海上海市长宁区天山路900号
上海浦发三林印象汇,上海上海市浦东新区懿行路188号
上海湖滨道购物中心,上海上海市黄浦区湖滨路150号企业天地5号楼
上海漫游城,上海省上海市闵行区闵虹路8号
上海玖博广场,上海上海市静安区静安寺
上海环球金融中心,上海上海市浦东新区世纪大道100号
上海瑞虹新天地,上海省上海市虹口区瑞虹路188号
上海瑞虹新天地月亮湾,上海省上海市虹口区瑞虹路188号(近天虹路)
上海绿地静安·柒彩里,上海上海市静安区万航渡路838号万航渡路康定路
上海美莘时代广场,上海上海市闵行区莘福路288号
上海莘潮国际家居(嘉定店),上海上海市嘉定区白银路288号
上海莲花国际广场,上海上海市闵行区沪闵路7866号
上海葫芦斗亲子文创中心,上海上海市宝山区长逸路15号
上海虹桥新天地,上海省上海市闵行区申长路688号
上海蟠龙新天地,上海省上海市青浦区崧泽大道与蟠龙路交汇处
上海证大喜玛拉雅中心,上海上海市浦东新区樱花路869号
上海金桥国际商业广场,上海上海市浦东新区张杨路3611号
上海金樽广场,上海上海市闵行区沪星路105号
上海金汇四季广场,上海上海市闵行区金汇路538号
上海锦丰坊越都荟,上海上海市虹口区同丰路699号
上海长宁Art Park大融城,上海省上海市长宁区天山西路541号
上海长泰广场,上海上海市浦东新区金科路2889弄
东莞印象汇,广东省东莞市南城街道鸿福路90号
东莞海德·汇一城,广东省东莞市南城街道鸿福路200号
中山东凤领丰汇购物中心,广东省中山市东凤镇兴华中路
中山兴中广场,广东省中山市凤鸣路1号
临沂九州商业大厦,山东省临沂市兰山区解放路183号
京津佛罗伦萨小镇,天津省天津市武清区前进道北侧
佛山和信广场,广东省佛山市南海区博爱中路61号
佛山岭南新天地,广东省佛山市禅城区东瑞路1-7号
佛山映月湖环宇城,广东省佛山市南海区桂城街道石龙南路6号
佛山金沙洲金铂天地,广东省佛山市南海区建设大道68附近
佛山铂顿城,广东省佛山市禅城区建新路111号
佛山顺德悦然里,广东省佛山市顺德区北滘镇人昌路3号
佛山顺联百花总汇,广东省佛山市禅城区祖庙路35号顺联百花总汇
克拉玛依汇嘉时代广场,新疆维吾尔自治区克拉玛依市克拉玛依区幸福路戊一号
兰州国芳中心,甘肃省兰州市城关区广场南路4号
兰州杉杉奥特莱斯广场,甘肃省兰州市城关区北环东路888号
兰州欣大购物广场,甘肃省兰州市城关区雁滩路3113号
北京中关村ART PARK大融城,北京北京市海淀区中关村大街15号
北京丰联广场,北京北京市朝阳区朝外大街18号
北京侨福芳草地,北京北京市朝阳区东大桥路9号
北京城悦荟,北京北京市朝阳区北苑家园秋实街一号
北京大兴明发广场,北京北京市大兴区纪百户街18号院
北京大兴绿地缤纷城二期,北京北京市大兴区金星西路5号绿地财富中心B1-3F(地铁高米店南站B1口)
北京太阳飘亮购物中心,北京北京市朝阳区安立路68号
北京安贞环宇荟,北京北京市朝阳区安定路5号院
北京搜秀城,北京北京市东城区崇文门外大街40号
北京新世界百货大望路店,北京北京市朝阳区建国路93号院万达广场A座
北京新辰里酒仙桥店,北京北京市朝阳区酒仙桥路12号
北京新辰里（亚运村店）,北京北京市朝阳区北辰东路8号院1号楼
北京月恒正大新生活广场,北京北京市丰台区西三环南路10-3号
北京枫蓝国际购物中心,北京北京市海淀区西直门北大街32号院
北京活力东方购物广场,北京北京市朝阳区姚家园路甲一号
北京西宸里,北京北京市西城区西城区马连道路11号院2幢
北京通州领展广场,北京省北京市通州区北苑南路翠屏北里21号楼
北京金地广场,北京北京市朝阳区建国路91号
北京长安商场,北京北京市西城区复兴门外大街15号
北京首开通州万象汇,北京省北京市通州区东夏园地铁站
北京魏公·芳华里,北京北京市海淀区魏公村1号院
南京建邺万达广场,江苏省南京市建邺区江东中路98号
南京德基广场一期,江苏省南京市玄武区中山路18号
南京水平方,江苏省南京市秦淮区建康路3号
南京江北印象汇,江苏省南京市浦口区大桥北路58号
南京澳林购物广场,江苏省南京市浦口区浦珠北路126号
南京金轮新天地,江苏省南京市鼓楼区汉中路8号
南京金陵天地,江苏省南京市建邺区中和路清荷园-北园西北侧约260米
南京雨花虹悦城,江苏省南京市雨花台区应天大街619号
南宁步行街广场,广西省南宁市兴宁区朝阳路9号
南昌杉杉奥特莱斯广场,江西省南昌市红谷滩区九龙大道3388号
南昌百盛优客城市奥莱,江西省南昌市青山湖区北京东路398号
南阳大统百货,河南省南阳市宛城区中州东路510号大统百货
厦门万象城二期,福建省厦门市思明区筼筜街道湖滨南路与金榜路交叉口
厦门五通奥莱,福建省厦门市湖里区环岛东路2488号
厦门筼筜天虹购物中心,福建省厦门市思明区仙岳路与莲岳路交汇处
双鸭山松江国际购物大厦,黑龙江省双鸭山市尖山区新兴大街中段
合景·摩方（北京）,北京北京市东城区崇文门外大街1号
合肥万象城,安徽省合肥市蜀山区潜山路118号附近
合肥唯品会城市奥莱(蜀山店),安徽省合肥市蜀山区金寨南路811号
合肥国购广场,安徽省合肥市蜀山区长江西路199号
合肥宝业东城广场,安徽省合肥市瑶海区长江东路504号
合肥杉杉奥特莱斯广场,安徽省合肥市包河区祁门路
合肥瑶海天地,安徽省合肥市瑶海区长江东大街与东二环路交汇处
大连杉杉奥特莱斯广场,辽宁省大连市甘井子区大连梭鱼湾专业足球场旁
大连银泰城,辽宁省大连市中山区解放路19号
天津仁恒置地广场,天津省天津市南开区东马路137号
天津国贸购物中心,天津天津市河西区南京路39号
天津国际商场,天津天津市和平区天津市和平区经济技术开发区洞庭路欣园(营口道地铁站B1口步行220米)
天津远洋乐堤港,天津省天津市河东区津滨大道160号
天津远洋未来广场,天津天津市河东区新开路71号
天津鹏欣水游城,天津天津市红桥区大丰路12-24号
太原龙湖万达广场,山西省太原市杏花岭区解放路175号
宁波万象汇,浙江省宁波市鄞州区钱湖北路351号
宁波鄞州印象城,浙江省宁波市鄞州区钱湖北路288号
定州信誉楼广场,河北省保定市定州市
宜春青龙商厦,江西省宜春市袁州区中山路东风大街283号
常州新世纪商城,江苏省常州市钟楼区北大街2-8号
广佛佛罗伦萨小镇,广东省佛山市南海区桂城街道疏港路28号
广州8号仓,广东省广州市从化区广从南路2231号
广州东圃四季时尚荟,广东省广州市天河区东圃大马路4号
广州优托邦CBD店,广东省广州市天河区花城大道88号
广州保利鱼珠时光,广东省广州市黄埔区黄埔大道东834-16号
广州信达金茂广场,广东省广州市天河区广州大道北920号
广州北京路天河城（B区）,广东省广州市越秀区北京路与木排横街交叉口西南
广州同和金铂天地,广东省广州市白云区同和大街1号
广州太古汇,广东省广州市天河区天河路383号
广州惠润广场,广东省广州市黄埔区黄埔东路298号
广州捷登都会广场,广东省广州市越秀区中山五路与吉祥路交汇处（公园前地铁上盖）
广州曜一城,广东省广州市天河区天河北路711-721号
广州来又来时尚购物广场,广东省广州市花都区新华街龙珠路39号
广州欣荣广场,广东省广州市从化区江埔街从城大道
广州海珠新都荟城光荟,广东省广州市海珠区东晓南路1290号
广州番禺奥园广场,广东省广州市番禺区福德路281号
广州百信广场,广东省广州市白云区机场路1399号
广州粤海天地,广东省广州市天河区珠江西路21号
广州钻汇广场,广东省广州市番禺区富华西路2号
广州高德置地冬广场,广东省广州市天河区珠江新城珠江东路16号
徐州杉杉奥特莱斯广场,江苏省徐州市泉山区玉带大道海玥南山西北侧约200米
怀化步步高中环广场,湖南省怀化市鹤城区人民北路与广寒宫巷交叉口北100米
成都万象城一期,四川省成都市成华区双庆路8号
成都仁恒置地广场,四川省成都市锦江区人民南路二段一号
成都佛罗伦萨小镇三期,四川省成都市郫都区银杏路888号
成都凯德广场·魅力城,四川省成都市成华区万科路9号
成都凯德广场（新南店）,四川省成都市武侯区盛和一路99号
成都港汇天地,四川省成都市武侯区高新区天府五街999号
成都环球中心,四川省成都市武侯区天府大道北段1700号
成都远大购物中心A馆,四川省成都市双流区老成仁路与远大荷兰水街交叉口西50米
成都远大购物中心B馆,四川省成都市双流区天府大道南段325号
成都都江堰幸福广场,四川省成都市都江堰市都江堰大道211号
成都银石广场,四川省成都市锦江区红星路3段99号
扬州九久奥莱城市广场,江苏省扬州市广陵区江都南路673号
文山光大广场,云南省文山市商业中心东风路东风路与光大步行街交叉口北100米
新乡胖东来(小胖店),河南省新乡市卫滨区健康路31号
新乡胖东来（大胖店）,河南省新乡市红旗区人民中路199号
昆明瑞鼎城购物公园,云南省昆明市盘龙区白云路白龙路二环东路交汇处
昆明百货大楼,云南省昆明市五华区东风西路
昆明金地中心MALL,云南省昆明市西山区前卫西路1425号
杭州国大城市广场,浙江省杭州市拱墅区延安路609号
杭州天城商业中心,浙江省杭州市上城区机场路119号(闸弄口地铁站A口步行110米)
杭州恒隆广场,浙江省杭州市拱墅区百井坊
杭州未来科技城万达广场,浙江省杭州市余杭区创景路与向往街交汇处
杭州来福士中心,浙江省杭州市上城区新业路228号
杭州湖滨88,浙江省杭州市上城区平海路124号
杭州玉长城商业广场,浙江省杭州市富阳区春秋北路271号
杭州衣之佳城市折扣店,浙江省杭州市上城区庆春路229号
杭州顺发旺角城新天地,浙江省杭州市萧山区市心中路165号
正定瑞天购物广场,河北省石家庄市正定县河北省石家庄市正定县成德南街 2/6 号（成德南街与恒山西路交叉口）正定购物广场
武汉中商世界里销品茂,湖北省武汉市武昌区徐东大街18号
武汉华发外滩荟,湖北省武汉市江岸区鄱阳街咸安坊
武汉咸安坊,湖北省武汉市江岸区鄱阳街咸安坊
武汉天地街区,湖北省武汉市江岸区芦沟桥路28号
武汉新天地南馆,湖北省武汉市江岸区中山大道1515号
武汉新天地街区,湖北省武汉市江岸区芦沟桥路28号
武汉新荣天街,湖北省武汉市江岸区新荣客运站
武汉武商MALL·世贸,湖北省武汉市江汉区解放大道686号
永旺梦乐城长沙湘江新区,湖南省长沙市望城区雷锋大道与金圆路交汇处
沈阳万象城,辽宁省沈阳市和平区青年大街288号
沈阳杉杉奥特莱斯广场,辽宁省沈阳市铁西区经济技术开发区开发25路7号
沈阳百盛购物广场,辽宁省沈阳市和平区中华路21号
沧州华北石油购物广场,河北省沧州市任丘市会战南道013号
泉州南益美岁天地,福建省泉州市丰泽区丰泽街668号南益广场
济南历下世茂广场,山东省济南市历下区泉城路26号
济南魏家庄万达广场,山东省济南市市中区经四路5号
淄博茂业时代广场店,山东省淄博市临淄区大顺路63号
淄博茂业时代（广场店）,山东省淄博市临淄区大顺路63号
淮安万象城,江苏省淮安市清江浦区翔宇大道
淮安水渡口万达广场,江苏省淮安市清江浦区翔宇中路169号
淮安金鹰国际购物中心,江苏省淮安市清江浦区淮海东路130号
深圳世纪汇,广东省深圳市福田区深南中路3018号
深圳中洲πmall,广东省深圳市宝安区创业二路89号
深圳云城万科里,广东省深圳市南山区打石一路
深圳仟里食家,广东省深圳市宝安区深圳地铁5号线洪浪北站
深圳优城购物中心,广东省深圳市龙华区民治大道567号
深圳佐阾虹湾购物中心,广东省深圳市福田区梅林街道北环大道6098号
深圳保利文化广场,广东省深圳市南山区文心六路4号
深圳南山后海汇,广东省深圳市南山区后海
深圳南山益田假日广场,广东省深圳市南山区深南大道9028号
深圳印力中心,广东省深圳市福田区农林路69号
深圳天玑城商业广场,广东省深圳市龙岗区龙岗大道与碧新路交汇处（地铁三号线南联站C出口）深圳龙岗海航城
深圳天虹商场(东门店),广东省深圳市罗湖区新园路17号
深圳方大城,广东省深圳市南山区龙珠四路2号
深圳海上世界,广东省深圳市南山区南山区望海路1128号
深圳湾万象城A区,广东省深圳市南山区科苑大道和海德三道的交汇处
深圳湾区壹方,广东省深圳市宝安区沙井镇宝安大道
深圳百佳华佳漾里,广东省深圳市坪山区坪山街道六和社区龙坪路4045号
深圳百佳华佳漾里(坂田店),广东省深圳市龙岗区吉华路661号
深圳皇庭广场,广东省深圳市福田区福华三路118号
深圳缤果空间购物中心,广东省深圳市龙华区深圳北站东广场
深圳罗湖C99,广东省深圳市罗湖区建设路1002号
深圳罗湖宝能环球汇,广东省深圳市罗湖区宝安北路3002号
深圳鹏润达商业广场,广东省深圳市南山区后海滨路3368号
滁州天发广场,安徽省滁州市天长市新河中路天发广场购物中心
滨州信誉楼,山东省滨州市滨城区山东省滨州市滨城区信誉楼
烟台永旺购物中心,山东省烟台市莱山区观海路277号
珠海富华里,广东省珠海市香洲区九洲大道与白石路交汇处
盐城亭湖宝龙广场,江苏省盐城市亭湖区人民南路9号
石家庄北国奥特莱斯一期,河北省石家庄市鹿泉区青龙山大道88号
石家庄裕华万达广场,河北省石家庄市裕华区建华南大街136号
砂之船(石家庄)奥莱一期,河北省石家庄市正定县奥体街与河阳路交叉路口
砂之船（乌鲁木齐）奥莱,新疆省乌鲁木齐市头屯河区沙坪东街873号
砂之船（南京江宁）奥莱,江苏省南京市江宁区秣周东路18号
砂之船（杭州）奥莱,浙江省杭州市上城区解放东路8号
砂之船（福州）小镇,福建省福州市闽侯县福通路88号
砂之船（重庆两江）奥莱,重庆省重庆市两江新区奥特莱斯路1号
砂之船（重庆璧山）奥莱,重庆省重庆市璧山区璧青大道白羊路9号
砂之船（银川）奥莱,宁夏省银川市兴庆区友爱路和六盘山路交汇处西北角
砂之船（长春中东）奥莱,吉林省长春市宽城区北人民大街4082号
砂之船（长沙）奥莱,湖南省长沙市望城区金星北路三段378号
福州泰禾广场,福建省福州市晋安区东二环22号
福州远洋德呈乐堤港,福建省福州市仓山区金山街道浦上大道198号
秦皇岛乐都汇,河北省秦皇岛市海港区河北大街115号
绍兴万风新天地,浙江省绍兴市诸暨市苎萝东路555号
绍兴柯桥万达广场,浙江省绍兴市柯桥区钱陶公路799号
绍兴苏宁广场,浙江省绍兴市越城区绍兴市越城区解放大道与横湖路交叉口
绵阳凯德广场,四川省绵阳市涪城区临园东路74号
芜湖新百大厦,安徽省芜湖市镜湖区中山路1号
苏州万象天地,江苏省苏州市姑苏区上塘街290号
苏州凤凰广场,江苏省苏州市吴中区苏州大道西158号
苏州城市生活广场,江苏省苏州市姑苏区平泷路251号
苏州星悦里·科技城,江苏省苏州市虎丘区天佑路与科霞路交汇处西南侧
苏州泉屋百货,江苏省苏州市虎丘区长江路211号
苏州绿宝广场（一二期）,江苏省苏州市虎丘区长江路436号
苏州苏悦广场,江苏省苏州市吴中区苏州大道西119号(星海广场西侧)
藁城信誉楼,河北省石家庄市藁城区
蚌埠蚌山万达广场,安徽省蚌埠市蚌山区东海大道和工农路交汇处
衡阳杉杉奥特莱斯广场,湖南省衡阳市蒸湘区衡阳杉杉奥莱
衢州东方商厦,浙江省衢州市柯城区府山街道上街96号东方商厦
襄樊枣阳万象城,湖北省襄阳市枣阳市光武路28号
西安万和城,陕西省西安市新城区长缨西路1号
西安曲江银泰百货A馆,陕西省西安市雁塔区雁塔南路410号
西安立丰国际购物广场,陕西省西安市碑林区金花南路59号
西安量子晨,陕西省西安市雁塔区西影路466号量子晨数字娱乐双创产业园
西安金莎国际购物广场,陕西省西安市雁塔区长安中路65号
西安静安荟生活奥莱,陕西省西安市莲湖区北关正街与振华路交叉路口西北侧
西安高新新天地生活奥莱,陕西省西安市雁塔区团结南路与科技三路交叉口东南角
贵阳杉杉奥特莱斯广场,贵州省贵阳市清镇市金马大道与观清线交汇处
贵阳玖福城生活购物中心,贵州省贵阳市观山湖区碧海社区服务中心观山西路3号
贵阳花果园购物中心,贵州省贵阳市南明区花果园大街1号
赣州杉杉奥特莱斯广场,江西省赣州市章贡区沙石镇楼梯村和谐大道
连云港利群广场,江苏省连云港市海州区建设东路18号
邢台家乐园天一城,河北省邢台市襄都区新华北路235号
邢台逗号立方购物中心,河北省邢台市信都区中兴西大街139号
郑州二七万象城一期,河南省郑州市二七区五彩路与民主路交叉口西南50米
郑州新田360广场（国贸店）北区,河南省郑州市金水区花园路
郑州瀚海海尚mall,河南省郑州市金水区东风路与丰庆路交汇处西北角
郑州金水印象汇,河南省郑州市金水区中州大道1188号
鄂尔多斯万达广场一期,内蒙古省鄂尔多斯市东胜区鄂托克西街30号
重庆中央公园光环花园城,重庆省重庆市两江新区中央公园东站西南角
重庆佛罗伦萨小镇,重庆省重庆市沙坪坝区土主镇华阳路与龙辉路交叉口
重庆湟恩新纪元购物广场,重庆省重庆市沙坪坝区三峡广场步行街6号
重庆熙熙mall,重庆重庆市沙坪坝区景苑路8号
金华永盛购物中心A馆,浙江省金华市婺城区新华街67号
金华永盛购物中心B馆,浙江省金华市婺城区西市街159号
银川阅彩城,宁夏省银川市金凤区正源北街277号
锦州锦绣前程购物中心,辽宁省锦州市古塔区山西街26丁23号
长沙云玺潮汇,湖南省长沙市天心区坡子街华远云玺潮汇
长沙北辰荟,湖南省长沙市开福区湘江大道1500号
长沙印象汇,湖南省长沙市天心区黄兴南路445号
长沙宁乡天虹购物中心,湖南省长沙市宁乡市玉潭街道新山社区春城路与楚沩路交汇处
长沙珠江星环,湖南省长沙市开福区福元西路珠江花城
青岛万象城一期,山东省青岛市市南区山东路6号甲
青岛伟东·乐客城,山东省青岛市李沧区夏庄路1号
青岛北方国贸大厦,山东省青岛市李沧区向阳路50号
青岛台东利群商厦,山东省青岛市市北区台东三路63号
青岛银座商城,山东省青岛市市南区香港中路31号
驻马店爱家购物中心,河南省驻马店市驿城区河南省驻马店市驿城区雪松大道与正阳路交叉口西南角爱家购物中心
龙湖成都三千集天街,四川省成都市成华区建设北路三段6号
龙湖杭州吾角天街,浙江省杭州市钱塘区地铁高沙路站A出口
龙湖苏州相城天街A馆,江苏省苏州市相城区相城大道西嘉元路南
龙湖郑州美盛天街,河南省郑州市金水区丰庆路和博卉路交汇处
龙湖重庆西城天街,重庆重庆市九龙坡区杨家坪步行街珠江路48号
